plant001_center.png,15
plant002_center.png,11
plant005_center.png,15
plant006_center.png,15
plant007_center.png,12
plant008_center.png,14
plant010_center.png,15
plant011_center.png,16
plant012_center.png,11
plant013_center.png,13
plant015_center.png,16
plant016_center.png,16
plant017_center.png,13
plant018_center.png,14
plant020_center.png,16
plant021_center.png,14
plant022_center.png,15
plant024_center.png,18
plant026_center.png,14
plant027_center.png,14
plant029_center.png,20
plant030_center.png,19
plant031_center.png,16
plant032_center.png,15
plant033_center.png,17
plant035_center.png,15
plant036_center.png,14
plant037_center.png,18
plant038_center.png,18
plant039_center.png,16
plant040_center.png,15
plant042_center.png,20
plant043_center.png,19
plant044_center.png,18
plant045_center.png,17
plant046_center.png,18
plant047_center.png,19
plant048_center.png,15
plant049_center.png,15
plant050_center.png,18
plant051_center.png,17
plant052_center.png,17
plant053_center.png,14
plant054_center.png,18
plant055_center.png,18
plant057_center.png,15
plant058_center.png,17
plant059_center.png,16
plant060_center.png,20
plant061_center.png,17
plant062_center.png,18
plant063_center.png,16
plant064_center.png,16
plant065_center.png,17
plant067_center.png,15
plant068_center.png,14
plant069_center.png,18
plant070_center.png,18
plant071_center.png,16
plant072_center.png,15
plant073_center.png,18
plant076_center.png,15
plant077_center.png,15
plant078_center.png,16
plant079_center.png,19
plant080_center.png,19
plant082_center.png,15
plant083_center.png,17
plant084_center.png,19
plant085_center.png,15
plant086_center.png,14
plant088_center.png,18
plant089_center.png,17
plant090_center.png,15
plant091_center.png,18
plant092_center.png,16
plant094_center.png,15
plant096_center.png,16
plant098_center.png,17
plant099_center.png,19
plant100_center.png,17
plant101_center.png,16
plant102_center.png,17
plant104_center.png,15
plant105_center.png,15
plant106_center.png,17
plant107_center.png,17
plant108_center.png,16
plant109_center.png,15
plant110_center.png,18
plant113_center.png,15
plant114_center.png,18
plant115_center.png,16
plant116_center.png,19
plant118_center.png,19
plant119_center.png,16
plant120_center.png,16
plant121_center.png,17
plant123_center.png,15
plant124_center.png,15
plant126_center.png,18
plant127_center.png,16
plant128_center.png,15
plant129_center.png,19
plant130_center.png,18
plant132_center.png,15
plant133_center.png,17
plant134_center.png,16
plant135_center.png,18
plant137_center.png,20
plant138_center.png,16
plant139_center.png,15
plant141_center.png,17
plant142_center.png,15
plant143_center.png,15
plant144_center.png,16
plant145_center.png,17
plant146_center.png,16
plant147_center.png,14
plant148_center.png,19
plant149_center.png,18
plant151_center.png,14
plant152_center.png,16
plant153_center.png,16
plant154_center.png,18
plant156_center.png,17
plant159_center.png,18
plant161_center.png,16
plant162_center.png,5
plant163_center.png,4
plant164_center.png,3
plant165_center.png,4
plant166_center.png,5
plant167_center.png,7
plant168_center.png,4
plant169_center.png,5
plant170_center.png,6
plant171_center.png,8
plant172_center.png,5
plant173_center.png,7
plant174_center.png,7
plant175_center.png,9
plant176_center.png,8
plant177_center.png,9
plant178_center.png,9
plant179_center.png,12
plant180_center.png,10
plant181_center.png,9
plant182_center.png,11
plant183_center.png,14
plant184_center.png,12
plant185_center.png,12
plant186_center.png,11
plant187_center.png,15
plant188_center.png,12
plant189_center.png,15
plant190_center.png,18
plant191_center.png,15
plant192_center.png,16
plant193_center.png,4
plant194_center.png,4
plant195_center.png,6
plant196_center.png,7
plant197_center.png,7
plant198_center.png,7
plant199_center.png,3
plant200_center.png,5
plant201_center.png,6
plant202_center.png,7
plant203_center.png,9
plant204_center.png,9
plant205_center.png,2
plant206_center.png,4
plant207_center.png,5
plant208_center.png,7
plant209_center.png,2
plant210_center.png,3
plant211_center.png,5
plant212_center.png,6
plant213_center.png,2
plant214_center.png,3
plant215_center.png,6
plant216_center.png,6
plant217_center.png,7
plant218_center.png,7
plant219_center.png,7
plant0001_center.png,7
plant0002_center.png,7
plant0003_center.png,7
plant0004_center.png,6
plant0005_center.png,7
plant0006_center.png,7
plant0007_center.png,4
plant0008_center.png,7
plant0009_center.png,6
plant0010_center.png,7
plant0011_center.png,5
plant0012_center.png,7
plant0013_center.png,7
plant0014_center.png,7
plant0015_center.png,8
plant0016_center.png,5
plant0017_center.png,7
plant0018_center.png,6
plant0019_center.png,6
plant0020_center.png,7
plant0021_center.png,7
plant0022_center.png,7
plant0023_center.png,7
plant0024_center.png,5
plant0025_center.png,7
plant0026_center.png,7
plant0027_center.png,5
plant0028_center.png,6
plant0029_center.png,6
plant0030_center.png,7
plant0031_center.png,5
plant0032_center.png,7
plant0033_center.png,7
plant0034_center.png,7
plant0035_center.png,8
plant0036_center.png,6
plant0037_center.png,7
plant0038_center.png,6
plant0039_center.png,6
plant0040_center.png,7
plant0041_center.png,7
plant0042_center.png,8
plant0043_center.png,6
plant0044_center.png,6
plant0045_center.png,7
plant0046_center.png,7
plant0047_center.png,5
plant0048_center.png,6
plant0049_center.png,6
plant0050_center.png,8
plant0051_center.png,4
plant0052_center.png,7
plant0053_center.png,7
plant0054_center.png,8
plant0055_center.png,8
plant0056_center.png,6
plant0057_center.png,7
plant0058_center.png,7
plant0059_center.png,7
plant0060_center.png,8
plant0061_center.png,7
plant0062_center.png,7
plant0063_center.png,7
plant0064_center.png,6
plant0065_center.png,7
plant0066_center.png,7
plant0067_center.png,4
plant0068_center.png,7
plant0069_center.png,7
plant0070_center.png,8
plant0071_center.png,5
plant0072_center.png,7
plant0073_center.png,7
plant0074_center.png,8
plant0075_center.png,9
plant0076_center.png,7
plant0077_center.png,8
plant0078_center.png,8
plant0079_center.png,7
plant0080_center.png,8
plant0081_center.png,7
plant0082_center.png,8
plant0083_center.png,7
plant0084_center.png,7
plant0085_center.png,7
plant0086_center.png,7
plant0087_center.png,5
plant0088_center.png,8
plant0089_center.png,7
plant0090_center.png,8
plant0091_center.png,7
plant0092_center.png,8
plant0093_center.png,8
plant0094_center.png,8
plant0095_center.png,9
plant0096_center.png,6
plant0097_center.png,8
plant0098_center.png,8
plant0099_center.png,7
plant0100_center.png,8
plant0101_center.png,8
plant0102_center.png,9
plant0103_center.png,8
plant0104_center.png,7
plant0105_center.png,8
plant0106_center.png,8
plant0107_center.png,8
plant0108_center.png,9
plant0109_center.png,7
plant0110_center.png,9
plant0111_center.png,7
plant0112_center.png,8
plant0113_center.png,9
plant0114_center.png,9
plant0115_center.png,10
plant0116_center.png,6
plant0117_center.png,9
plant0118_center.png,9
plant0119_center.png,8
plant0120_center.png,9
plant0121_center.png,10
plant0122_center.png,11
plant0123_center.png,9
plant0124_center.png,8
plant0125_center.png,10
plant0126_center.png,11
plant0127_center.png,9
plant0128_center.png,9
plant0129_center.png,7
plant0130_center.png,11
plant0131_center.png,8
plant0132_center.png,9
plant0133_center.png,10
plant0134_center.png,9
plant0135_center.png,10
plant0136_center.png,8
plant0137_center.png,10
plant0138_center.png,10
plant0139_center.png,8
plant0140_center.png,10
plant0141_center.png,9
plant0142_center.png,11
plant0143_center.png,8
plant0144_center.png,9
plant0145_center.png,10
plant0146_center.png,11
plant0147_center.png,8
plant0148_center.png,8
plant0149_center.png,8
plant0150_center.png,11
plant0151_center.png,8
plant0152_center.png,9
plant0153_center.png,10
plant0154_center.png,9
plant0155_center.png,11
plant0156_center.png,7
plant0157_center.png,10
plant0158_center.png,10
plant0159_center.png,10
plant0160_center.png,11
plant0161_center.png,10
plant0162_center.png,11
plant0163_center.png,9
plant0164_center.png,9
plant0165_center.png,10
plant0166_center.png,11
plant0167_center.png,8
plant0168_center.png,8
plant0169_center.png,8
plant0170_center.png,11
plant0171_center.png,8
plant0172_center.png,10
plant0173_center.png,10
plant0174_center.png,9
plant0175_center.png,11
plant0176_center.png,8
plant0177_center.png,10
plant0178_center.png,11
plant0179_center.png,10
plant0180_center.png,10
plant0182_center.png,11
plant0183_center.png,9
plant0184_center.png,9
plant0185_center.png,10
plant0186_center.png,11
plant0187_center.png,8
plant0188_center.png,8
plant0189_center.png,8
plant0190_center.png,11
plant0191_center.png,8
plant0192_center.png,10
plant0193_center.png,9
plant0194_center.png,9
plant0195_center.png,11
plant0196_center.png,8
plant0197_center.png,10
plant0198_center.png,10
plant0199_center.png,9
plant0200_center.png,10
plant0201_center.png,11
plant0202_center.png,11
plant0203_center.png,10
plant0204_center.png,9
plant0205_center.png,11
plant0206_center.png,11
plant0207_center.png,9
plant0208_center.png,10
plant0209_center.png,8
plant0210_center.png,12
plant0211_center.png,9
plant0212_center.png,11
plant0213_center.png,10
plant0214_center.png,9
plant0215_center.png,12
plant0216_center.png,7
plant0217_center.png,10
plant0218_center.png,13
plant0219_center.png,10
plant0220_center.png,11
plant0221_center.png,11
plant0222_center.png,11
plant0223_center.png,10
plant0224_center.png,10
plant0225_center.png,10
plant0226_center.png,11
plant0227_center.png,10
plant0228_center.png,9
plant0229_center.png,9
plant0230_center.png,10
plant0231_center.png,9
plant0232_center.png,11
plant0233_center.png,11
plant0234_center.png,11
plant0235_center.png,12
plant0236_center.png,8
plant0237_center.png,11
plant0238_center.png,13
plant0239_center.png,10
plant0240_center.png,11
plant0241_center.png,12
plant0242_center.png,12
plant0243_center.png,11
plant0244_center.png,10
plant0245_center.png,11
plant0246_center.png,13
plant0247_center.png,11
plant0248_center.png,9
plant0249_center.png,9
plant0251_center.png,10
plant0252_center.png,10
plant0253_center.png,12
plant0254_center.png,12
plant0255_center.png,11
plant0256_center.png,10
plant0257_center.png,12
plant0258_center.png,13
plant0259_center.png,11
plant0261_center.png,12
plant0262_center.png,13
plant0263_center.png,10
plant0264_center.png,10
plant0265_center.png,11
plant0266_center.png,13
plant0267_center.png,9
plant0268_center.png,9
plant0269_center.png,10
plant0271_center.png,10
plant0272_center.png,10
plant0273_center.png,13
plant0274_center.png,13
plant0275_center.png,12
plant0276_center.png,11
plant0277_center.png,11
plant0278_center.png,13
plant0279_center.png,12
plant0281_center.png,11
plant0282_center.png,15
plant0283_center.png,9
plant0284_center.png,10
plant0285_center.png,13
plant0286_center.png,13
plant0287_center.png,9
plant0288_center.png,10
plant0289_center.png,11
plant0291_center.png,11
plant0292_center.png,11
plant0293_center.png,12
plant0294_center.png,13
plant0295_center.png,13
plant0296_center.png,11
plant0297_center.png,13
plant0298_center.png,12
plant0299_center.png,12
plant0301_center.png,13
plant0302_center.png,15
plant0303_center.png,9
plant0304_center.png,11
plant0305_center.png,13
plant0306_center.png,13
plant0307_center.png,10
plant0308_center.png,12
plant0309_center.png,11
plant0311_center.png,11
plant0312_center.png,12
plant0313_center.png,15
plant0314_center.png,14
plant0315_center.png,16
plant0316_center.png,11
plant0317_center.png,14
plant0318_center.png,14
plant0319_center.png,11
plant0321_center.png,13
plant0322_center.png,16
plant0323_center.png,11
plant0324_center.png,12
plant0325_center.png,15
plant0326_center.png,15
plant0327_center.png,11
plant0328_center.png,12
plant0329_center.png,12
plant0331_center.png,12
plant0332_center.png,11
plant0333_center.png,14
plant0334_center.png,14
plant0335_center.png,14
plant0336_center.png,12
plant0337_center.png,16
plant0338_center.png,15
plant0339_center.png,12
plant0341_center.png,13
plant0342_center.png,15
plant0343_center.png,12
plant0344_center.png,12
plant0345_center.png,14
plant0346_center.png,15
plant0347_center.png,12
plant0348_center.png,12
plant0349_center.png,12
plant0351_center.png,13
plant0352_center.png,12
plant0353_center.png,14
plant0354_center.png,14
plant0355_center.png,14
plant0356_center.png,13
plant0357_center.png,16
plant0358_center.png,15
plant0359_center.png,12
plant0361_center.png,13
plant0362_center.png,16
plant0363_center.png,11
plant0364_center.png,12
plant0365_center.png,14
plant0366_center.png,15
plant0367_center.png,11
plant0368_center.png,12
plant0369_center.png,12
plant0371_center.png,12
plant0372_center.png,11
plant0373_center.png,14
plant0374_center.png,14
plant0375_center.png,15
plant0376_center.png,12
plant0377_center.png,16
plant0378_center.png,15
plant0379_center.png,12
plant0381_center.png,13
plant0382_center.png,17
plant0383_center.png,13
plant0384_center.png,14
plant0385_center.png,15
plant0386_center.png,14
plant0387_center.png,12
plant0388_center.png,13
plant0389_center.png,14
plant0391_center.png,13
plant0392_center.png,12
plant0393_center.png,15
plant0394_center.png,15
plant0395_center.png,15
plant0396_center.png,11
plant0397_center.png,16
plant0398_center.png,16
plant0399_center.png,13
plant0401_center.png,14
plant0402_center.png,19
plant0403_center.png,13
plant0404_center.png,13
plant0405_center.png,16
plant0406_center.png,15
plant0407_center.png,13
plant0408_center.png,15
plant0409_center.png,15
plant0411_center.png,14
plant0412_center.png,15
plant0413_center.png,16
plant0414_center.png,16
plant0415_center.png,16
plant0416_center.png,12
plant0417_center.png,16
plant0418_center.png,17
plant0419_center.png,15
plant0421_center.png,16
plant0423_center.png,14
plant0424_center.png,14
plant0425_center.png,15
plant0426_center.png,16
plant0427_center.png,13
plant0428_center.png,15
plant0429_center.png,14
plant0431_center.png,15
plant0433_center.png,17
plant0434_center.png,17
plant0435_center.png,18
plant0436_center.png,12
plant0437_center.png,17
plant0438_center.png,17
plant0439_center.png,16
plant0441_center.png,17
plant0443_center.png,15
plant0444_center.png,16
plant0445_center.png,17
plant0446_center.png,18
plant0447_center.png,14
plant0448_center.png,15
plant0449_center.png,14
plant0451_center.png,16
plant0453_center.png,19
plant0454_center.png,17
plant0455_center.png,19
plant0456_center.png,13
plant0457_center.png,17
plant0458_center.png,18
plant0459_center.png,16
plant0461_center.png,17
plant0463_center.png,15
plant0464_center.png,16
plant0465_center.png,19
plant0466_center.png,18
plant0467_center.png,15
plant0468_center.png,15
plant0469_center.png,15
plant0471_center.png,17
plant0473_center.png,19
plant0474_center.png,18
plant0475_center.png,20
plant0476_center.png,14
plant0477_center.png,18
plant0478_center.png,19
plant0479_center.png,16
plant0481_center.png,17
plant0483_center.png,15
plant0484_center.png,16
plant0485_center.png,19
plant0486_center.png,18
plant0487_center.png,15
plant0488_center.png,16
plant0489_center.png,18
plant0491_center.png,18
plant0493_center.png,20
plant0494_center.png,18
plant0495_center.png,20
plant0497_center.png,18
plant0498_center.png,19
plant0499_center.png,17
plant0501_center.png,18
plant0503_center.png,17
plant0504_center.png,17
plant0505_center.png,20
plant0506_center.png,21
plant0507_center.png,17
plant0508_center.png,17
plant0509_center.png,19
plant0511_center.png,18
plant0513_center.png,20
plant0514_center.png,18
plant0515_center.png,20
plant0517_center.png,18
plant0518_center.png,20
plant0519_center.png,18
plant0521_center.png,20
plant0523_center.png,16
plant0524_center.png,16
plant0525_center.png,20
plant0526_center.png,21
plant0527_center.png,16
plant0528_center.png,17
plant0529_center.png,19
plant0531_center.png,18
plant0533_center.png,19
plant0534_center.png,18
plant0535_center.png,20
plant0537_center.png,18
plant0538_center.png,20
plant0539_center.png,18
plant0541_center.png,18
plant0543_center.png,16
plant0544_center.png,17
plant0545_center.png,20
plant0546_center.png,21
plant0547_center.png,17
plant0548_center.png,17
plant0549_center.png,19
plant0551_center.png,18
plant0553_center.png,19
plant0554_center.png,18
plant0555_center.png,20
plant0557_center.png,18
plant0558_center.png,20
plant0559_center.png,18
plant0561_center.png,18
plant0563_center.png,18
plant0564_center.png,17
plant0565_center.png,21
plant0566_center.png,20
plant0567_center.png,18
plant0568_center.png,18
plant0569_center.png,21
plant0571_center.png,17
plant0573_center.png,19
plant0574_center.png,20
plant0575_center.png,22
plant0576_center.png,19
plant0577_center.png,20
plant0578_center.png,21
plant0579_center.png,19
plant0581_center.png,19
plant0583_center.png,18
plant0584_center.png,18
plant0586_center.png,21
plant0587_center.png,17
plant0588_center.png,18
plant0589_center.png,22
plant0591_center.png,19
plant0593_center.png,22
plant0594_center.png,21
plant0596_center.png,18
plant0597_center.png,20
plant0598_center.png,22
plant0599_center.png,20
plant0601_center.png,18
plant0603_center.png,18
plant0604_center.png,18
plant0606_center.png,22
plant0607_center.png,19
plant0608_center.png,21
plant0609_center.png,22
plant0611_center.png,20
plant0613_center.png,22
plant0614_center.png,22
plant0616_center.png,19
plant0617_center.png,21
plant0618_center.png,23
plant0619_center.png,21
plant0621_center.png,21
plant0623_center.png,19
plant0626_center.png,22
plant0628_center.png,20
plant0629_center.png,24
plant0631_center.png,22
plant0633_center.png,23
plant0634_center.png,22
plant0636_center.png,19
plant0637_center.png,22
plant0641_center.png,23
plant0643_center.png,19
plant0646_center.png,22
plant0647_center.png,21
plant0648_center.png,23
plant0651_center.png,22
plant0653_center.png,24
plant0656_center.png,20
plant0657_center.png,21
plant0661_center.png,23
plant0666_center.png,24
plant0671_center.png,22
plant0676_center.png,18
plant0681_center.png,25
plant0686_center.png,23
plant0691_center.png,24
plant0696_center.png,20
plant0701_center.png,24
plant0706_center.png,23
plant0711_center.png,24
plant0716_center.png,20
plant0721_center.png,23
plant0723_center.png,23
plant0726_center.png,25
plant0728_center.png,27
plant0731_center.png,24
plant0736_center.png,21
plant0739_center.png,22
plant0741_center.png,26
plant0743_center.png,23
plant0746_center.png,25
plant0748_center.png,29
plant0751_center.png,25
plant0756_center.png,24
plant0759_center.png,26
plant0761_center.png,29
plant0766_center.png,28
plant0768_center.png,30
plant0776_center.png,25
plant0779_center.png,27
plant0781_center.png,31
plant0788_center.png,28
plant0796_center.png,24
plant0799_center.png,27
plant0801_center.png,31
plant0803_center.png,25
plant0806_center.png,32
plant0808_center.png,30
plant0809_center.png,32
plant0814_center.png,29
plant0816_center.png,25
plant0817_center.png,28
plant0823_center.png,26
plant0826_center.png,30
plant0836_center.png,25
plant0837_center.png,28
plant0843_center.png,28
plant0846_center.png,29
plant0848_center.png,27
plant0854_center.png,32
plant0857_center.png,29